SET statement_timeout = 0;
SET lock_timeout = 0;
SET client_encoding = 'UTF8';
SET standard_conforming_strings = on;
SET check_function_bodies = false;
SET client_min_messages = warning;

SET search_path = anomalymon, pg_catalog;



COPY alert_type (id, alert_type_name, dtm_created, dtm_last_modified, last_updated_by) FROM stdin;
1	warning	2015-07-29 19:12:33.13304	2015-07-29 19:12:33.13304	pgadmin
2	critical	2015-07-29 19:12:33.13304	2015-07-29 19:12:33.13304	pgadmin
\.


COPY distribution_list (id, list, dtm_created, dtm_last_modified, last_updated_by) FROM stdin;
1	yfedorch@cablevision.com	2015-07-29 19:12:35.782952	2015-08-05 14:40:56.980761	pgadmin
2	yfedorch@cablevision.com	2015-07-29 19:14:59.264822	2015-08-05 14:40:56.980761	pgadmin
3	yfedorch@cablevision.com	2015-08-03 17:22:56.886298	2015-08-05 14:40:56.980761	pgadmin
\.

COPY model_parameters (id, instructions, model_type_id, dtm_created, dtm_last_modified, last_updated_by) FROM stdin;
1	{"task_description":[{"parent_task":"CVB_F_AD_VIEW","task":"CVBP_CVBCVB_DD12296_CVB_F_AD_V"},{"parent_task":"CVB_F_AD_VIEW","task":"CVBP_CVBCVB_DD12299_UPD_CVB_F_"},{"parent_task":"ADLOGS_NYI_ADVIEW","task":"OAI_12794_D_AD_ZONE"},{"parent_task":"ADLOGS_NYI_ADVIEW","task":"CVB_12750_CVB_F_AD_VIEW_NYI"},{"parent_task":"CVB_CHDV_OI_AGGR","task":"CVCBP_12210_CVB_CHDV_OI_AGGR_S"},{"parent_task":"CVB_CHDV_OI_AGGR","task":"CVCBP_12221_CVB_A_HH_NET_SUM_L"},{"parent_task":"CVB_CHDV_OI_AGGR","task":"CVCBP_12222_CVB_CHDV_NET_SUM_0"},{"parent_task":"CVB_CHDV_OI_AGGR","task":"CVCBP_12223_CVB_CHDV_NET_SUM_1"},{"parent_task":"CVB_CHDV_OI_AGGR","task":"CVCBP_12224_CVB_CHDV_NET_SUM_3"},{"parent_task":"CVB_CHDV_OI_AGGR","task":"CVCBP_12225_CVB_CHDV_NET_SUM_7"},{"parent_task":"CVB_CHDV_OI_AGGR","task":"CVCBP_12227_CVB_CHDV_NEW_SU_LI"},{"parent_task":"CVB_CHDV_OI_AGGR","task":"CVCBP_12229_CVB_CHDV_NEWS_SU_0"},{"parent_task":"CVB_CHDV_OI_AGGR","task":"CVCBP_12230_CVB_CHDV_NEWS_SU_1"},{"parent_task":"CVB_CHDV_OI_AGGR","task":"CVCBP_12231_CVB_CHDV_NEWS_SU_3"},{"parent_task":"CVB_CHDV_OI_AGGR","task":"CVCBP_12232_CVB_CHDV_NEWS_SU_7"},{"parent_task":"CVB_CHDV_OI_AGGR","task":"CVCBP_12234_CVB_CHDV_SER_SUM_L"},{"parent_task":"CVB_CHDV_OI_AGGR","task":"CVCBP_12235_CVB_CHDV_SER_SUM_0"},{"parent_task":"CVB_CHDV_OI_AGGR","task":"CVCBP_12236_CVB_CHDV_SER_SUM_1"},{"parent_task":"CVB_CHDV_OI_AGGR","task":"CVCBP_12237_CVB_CHDV_SER_SUM_3"},{"parent_task":"CVB_CHDV_OI_AGGR","task":"CVCBP_12238_CVB_CHDV_SER_SUM_7"},{"parent_task":"CVB_CHDV_OI_AGGR","task":"CVCBP_12239_UPD_CVB_CHDV_OI_AG"},{"parent_task":"CVB_CHN_AGGR","task":"CVB_11766_CVB_A_DAY_ACTIVE_UN"},{"parent_task":"CVB_CHN_AGGR","task":"CVB_13500_AM_MORNING_STATUS_1"},{"parent_task":"CVB_CHN_AGGR","task":"CVB_13500_AM_MORNING_STATUS_2"},{"parent_task":"CVB_CHN_AGGR","task":"CVB_11782_A_QTR_HR_VIEWING_UNI"},{"parent_task":"CVB_CHN_AGGR","task":"CVB_13501_AM_DATA_QUALITY"},{"parent_task":"NZ_CVB_FULL_CHN_SPLIT","task":"CVBP_12428_AGGR_SPLIT_DVR_USG"},{"parent_task":"NZ_CVB_FULL_CHN_SPLIT","task":"CVB_11721_CVB_F_SPLIT_DVR_USAG"}],"link":[{"task_type":"parent_task","task_type_name":"appworx_chain"},{"task_type":"task","task_type_name":"appworx_job"}],"distribution_list":{"critical":["email@cablevision.com"]},"model_type":["start_time","duration"],"model_name":["Default"],"model_parameters":{"days_back":[180],"less_N_sec":[180],"correction":[2],"n_run":[100],"alpha":[0.95]},"update_frequency":[30]}	1	2015-08-03 18:43:33.719155	2015-08-03 18:43:33.719155	modelmgr
2	{"task_description":[{"parent_task":"CVB_F_AD_VIEW","task":"CVBP_CVBCVB_DD12296_CVB_F_AD_V"},{"parent_task":"CVB_F_AD_VIEW","task":"CVBP_CVBCVB_DD12299_UPD_CVB_F_"},{"parent_task":"ADLOGS_NYI_ADVIEW","task":"OAI_12794_D_AD_ZONE"},{"parent_task":"ADLOGS_NYI_ADVIEW","task":"CVB_12750_CVB_F_AD_VIEW_NYI"},{"parent_task":"CVB_CHDV_OI_AGGR","task":"CVCBP_12210_CVB_CHDV_OI_AGGR_S"},{"parent_task":"CVB_CHDV_OI_AGGR","task":"CVCBP_12221_CVB_A_HH_NET_SUM_L"},{"parent_task":"CVB_CHDV_OI_AGGR","task":"CVCBP_12222_CVB_CHDV_NET_SUM_0"},{"parent_task":"CVB_CHDV_OI_AGGR","task":"CVCBP_12223_CVB_CHDV_NET_SUM_1"},{"parent_task":"CVB_CHDV_OI_AGGR","task":"CVCBP_12224_CVB_CHDV_NET_SUM_3"},{"parent_task":"CVB_CHDV_OI_AGGR","task":"CVCBP_12225_CVB_CHDV_NET_SUM_7"},{"parent_task":"CVB_CHDV_OI_AGGR","task":"CVCBP_12227_CVB_CHDV_NEW_SU_LI"},{"parent_task":"CVB_CHDV_OI_AGGR","task":"CVCBP_12229_CVB_CHDV_NEWS_SU_0"},{"parent_task":"CVB_CHDV_OI_AGGR","task":"CVCBP_12230_CVB_CHDV_NEWS_SU_1"},{"parent_task":"CVB_CHDV_OI_AGGR","task":"CVCBP_12231_CVB_CHDV_NEWS_SU_3"},{"parent_task":"CVB_CHDV_OI_AGGR","task":"CVCBP_12232_CVB_CHDV_NEWS_SU_7"},{"parent_task":"CVB_CHDV_OI_AGGR","task":"CVCBP_12234_CVB_CHDV_SER_SUM_L"},{"parent_task":"CVB_CHDV_OI_AGGR","task":"CVCBP_12235_CVB_CHDV_SER_SUM_0"},{"parent_task":"CVB_CHDV_OI_AGGR","task":"CVCBP_12236_CVB_CHDV_SER_SUM_1"},{"parent_task":"CVB_CHDV_OI_AGGR","task":"CVCBP_12237_CVB_CHDV_SER_SUM_3"},{"parent_task":"CVB_CHDV_OI_AGGR","task":"CVCBP_12238_CVB_CHDV_SER_SUM_7"},{"parent_task":"CVB_CHDV_OI_AGGR","task":"CVCBP_12239_UPD_CVB_CHDV_OI_AG"},{"parent_task":"CVB_CHN_AGGR","task":"CVB_11766_CVB_A_DAY_ACTIVE_UN"},{"parent_task":"CVB_CHN_AGGR","task":"CVB_13500_AM_MORNING_STATUS_1"},{"parent_task":"CVB_CHN_AGGR","task":"CVB_13500_AM_MORNING_STATUS_2"},{"parent_task":"CVB_CHN_AGGR","task":"CVB_11782_A_QTR_HR_VIEWING_UNI"},{"parent_task":"CVB_CHN_AGGR","task":"CVB_13501_AM_DATA_QUALITY"},{"parent_task":"NZ_CVB_FULL_CHN_SPLIT","task":"CVBP_12428_AGGR_SPLIT_DVR_USG"},{"parent_task":"NZ_CVB_FULL_CHN_SPLIT","task":"CVB_11721_CVB_F_SPLIT_DVR_USAG"}],"link":[{"task_type":"parent_task","task_type_name":"appworx_chain"},{"task_type":"task","task_type_name":"appworx_job"}],"distribution_list":{"critical":["email@cablevision.com"]},"model_type":["start_time","duration"],"model_name":["Default"],"model_parameters":{"days_back":[180],"less_N_sec":[180],"correction":[2],"n_run":[100],"alpha":[0.95]},"update_frequency":[30]}	2	2015-08-03 18:43:33.719155	2015-08-03 18:43:33.719155	modelmgr
3	{"task_description":[{"parent_task":"CVB_F_AD_VIEW","task":"CVBP_CVBCVB_DD12296_CVB_F_AD_V"},{"parent_task":"CVB_F_AD_VIEW","task":"CVBP_CVBCVB_DD12299_UPD_CVB_F_"},{"parent_task":"ADLOGS_NYI_ADVIEW","task":"OAI_12794_D_AD_ZONE"},{"parent_task":"ADLOGS_NYI_ADVIEW","task":"CVB_12750_CVB_F_AD_VIEW_NYI"},{"parent_task":"CVB_CHDV_OI_AGGR","task":"CVCBP_12210_CVB_CHDV_OI_AGGR_S"},{"parent_task":"CVB_CHDV_OI_AGGR","task":"CVCBP_12221_CVB_A_HH_NET_SUM_L"},{"parent_task":"CVB_CHDV_OI_AGGR","task":"CVCBP_12222_CVB_CHDV_NET_SUM_0"},{"parent_task":"CVB_CHDV_OI_AGGR","task":"CVCBP_12223_CVB_CHDV_NET_SUM_1"},{"parent_task":"CVB_CHDV_OI_AGGR","task":"CVCBP_12224_CVB_CHDV_NET_SUM_3"},{"parent_task":"CVB_CHDV_OI_AGGR","task":"CVCBP_12225_CVB_CHDV_NET_SUM_7"},{"parent_task":"CVB_CHDV_OI_AGGR","task":"CVCBP_12227_CVB_CHDV_NEW_SU_LI"},{"parent_task":"CVB_CHDV_OI_AGGR","task":"CVCBP_12229_CVB_CHDV_NEWS_SU_0"},{"parent_task":"CVB_CHDV_OI_AGGR","task":"CVCBP_12230_CVB_CHDV_NEWS_SU_1"},{"parent_task":"CVB_CHDV_OI_AGGR","task":"CVCBP_12231_CVB_CHDV_NEWS_SU_3"},{"parent_task":"CVB_CHDV_OI_AGGR","task":"CVCBP_12232_CVB_CHDV_NEWS_SU_7"},{"parent_task":"CVB_CHDV_OI_AGGR","task":"CVCBP_12234_CVB_CHDV_SER_SUM_L"},{"parent_task":"CVB_CHDV_OI_AGGR","task":"CVCBP_12235_CVB_CHDV_SER_SUM_0"},{"parent_task":"CVB_CHDV_OI_AGGR","task":"CVCBP_12236_CVB_CHDV_SER_SUM_1"},{"parent_task":"CVB_CHDV_OI_AGGR","task":"CVCBP_12237_CVB_CHDV_SER_SUM_3"},{"parent_task":"CVB_CHDV_OI_AGGR","task":"CVCBP_12238_CVB_CHDV_SER_SUM_7"},{"parent_task":"CVB_CHDV_OI_AGGR","task":"CVCBP_12239_UPD_CVB_CHDV_OI_AG"},{"parent_task":"CVB_CHN_AGGR","task":"CVB_11766_CVB_A_DAY_ACTIVE_UN"},{"parent_task":"CVB_CHN_AGGR","task":"CVB_13500_AM_MORNING_STATUS_1"},{"parent_task":"CVB_CHN_AGGR","task":"CVB_13500_AM_MORNING_STATUS_2"},{"parent_task":"CVB_CHN_AGGR","task":"CVB_11782_A_QTR_HR_VIEWING_UNI"},{"parent_task":"CVB_CHN_AGGR","task":"CVB_13501_AM_DATA_QUALITY"},{"parent_task":"NZ_CVB_FULL_CHN_SPLIT","task":"CVBP_12428_AGGR_SPLIT_DVR_USG"},{"parent_task":"NZ_CVB_FULL_CHN_SPLIT","task":"CVB_11721_CVB_F_SPLIT_DVR_USAG"}],"link":[{"task_type":"parent_task","task_type_name":"appworx_chain"},{"task_type":"task","task_type_name":"appworx_job"}],"distribution_list":{"critical":["email@cablevision.com"]},"model_type":["start_time","duration"],"model_name":["Default"],"model_parameters":{"days_back":[180],"less_N_sec":[180],"correction":[2],"n_run":[100],"alpha":[0.95]},"update_frequency":[30]}	1	2015-08-03 18:44:35.358604	2015-08-03 18:44:35.358604	modelmgr
4	{"task_description":[{"parent_task":"CVB_F_AD_VIEW","task":"CVBP_CVBCVB_DD12296_CVB_F_AD_V"},{"parent_task":"CVB_F_AD_VIEW","task":"CVBP_CVBCVB_DD12299_UPD_CVB_F_"},{"parent_task":"ADLOGS_NYI_ADVIEW","task":"OAI_12794_D_AD_ZONE"},{"parent_task":"ADLOGS_NYI_ADVIEW","task":"CVB_12750_CVB_F_AD_VIEW_NYI"},{"parent_task":"CVB_CHDV_OI_AGGR","task":"CVCBP_12210_CVB_CHDV_OI_AGGR_S"},{"parent_task":"CVB_CHDV_OI_AGGR","task":"CVCBP_12221_CVB_A_HH_NET_SUM_L"},{"parent_task":"CVB_CHDV_OI_AGGR","task":"CVCBP_12222_CVB_CHDV_NET_SUM_0"},{"parent_task":"CVB_CHDV_OI_AGGR","task":"CVCBP_12223_CVB_CHDV_NET_SUM_1"},{"parent_task":"CVB_CHDV_OI_AGGR","task":"CVCBP_12224_CVB_CHDV_NET_SUM_3"},{"parent_task":"CVB_CHDV_OI_AGGR","task":"CVCBP_12225_CVB_CHDV_NET_SUM_7"},{"parent_task":"CVB_CHDV_OI_AGGR","task":"CVCBP_12227_CVB_CHDV_NEW_SU_LI"},{"parent_task":"CVB_CHDV_OI_AGGR","task":"CVCBP_12229_CVB_CHDV_NEWS_SU_0"},{"parent_task":"CVB_CHDV_OI_AGGR","task":"CVCBP_12230_CVB_CHDV_NEWS_SU_1"},{"parent_task":"CVB_CHDV_OI_AGGR","task":"CVCBP_12231_CVB_CHDV_NEWS_SU_3"},{"parent_task":"CVB_CHDV_OI_AGGR","task":"CVCBP_12232_CVB_CHDV_NEWS_SU_7"},{"parent_task":"CVB_CHDV_OI_AGGR","task":"CVCBP_12234_CVB_CHDV_SER_SUM_L"},{"parent_task":"CVB_CHDV_OI_AGGR","task":"CVCBP_12235_CVB_CHDV_SER_SUM_0"},{"parent_task":"CVB_CHDV_OI_AGGR","task":"CVCBP_12236_CVB_CHDV_SER_SUM_1"},{"parent_task":"CVB_CHDV_OI_AGGR","task":"CVCBP_12237_CVB_CHDV_SER_SUM_3"},{"parent_task":"CVB_CHDV_OI_AGGR","task":"CVCBP_12238_CVB_CHDV_SER_SUM_7"},{"parent_task":"CVB_CHDV_OI_AGGR","task":"CVCBP_12239_UPD_CVB_CHDV_OI_AG"},{"parent_task":"CVB_CHN_AGGR","task":"CVB_11766_CVB_A_DAY_ACTIVE_UN"},{"parent_task":"CVB_CHN_AGGR","task":"CVB_13500_AM_MORNING_STATUS_1"},{"parent_task":"CVB_CHN_AGGR","task":"CVB_13500_AM_MORNING_STATUS_2"},{"parent_task":"CVB_CHN_AGGR","task":"CVB_11782_A_QTR_HR_VIEWING_UNI"},{"parent_task":"CVB_CHN_AGGR","task":"CVB_13501_AM_DATA_QUALITY"},{"parent_task":"NZ_CVB_FULL_CHN_SPLIT","task":"CVBP_12428_AGGR_SPLIT_DVR_USG"},{"parent_task":"NZ_CVB_FULL_CHN_SPLIT","task":"CVB_11721_CVB_F_SPLIT_DVR_USAG"}],"link":[{"task_type":"parent_task","task_type_name":"appworx_chain"},{"task_type":"task","task_type_name":"appworx_job"}],"distribution_list":{"critical":["email@cablevision.com"]},"model_type":["start_time","duration"],"model_name":["Default"],"model_parameters":{"days_back":[180],"less_N_sec":[180],"correction":[2],"n_run":[100],"alpha":[0.95]},"update_frequency":[30]}	2	2015-08-03 18:44:35.358604	2015-08-03 18:44:35.358604	modelmgr
\.


COPY model_type (id, model_type_name, dtm_created, dtm_last_modified, last_updated_by) FROM stdin;
1	start_time	2015-07-29 19:12:39.33495	2015-07-29 19:12:39.33495	pgadmin
2	duration	2015-07-29 19:12:39.33495	2015-07-29 19:12:39.33495	pgadmin
\.



COPY task (id, task_name, task_type_id, dtm_created, dtm_last_modified, last_updated_by) FROM stdin;
1	CVB_F_AD_VIEW	1	2015-08-03 18:42:47.38259	2015-08-03 18:42:47.38259	modelmgr
2	ADLOGS_NYI_ADVIEW	1	2015-08-03 18:42:47.38259	2015-08-03 18:42:47.38259	modelmgr
3	CVB_CHDV_OI_AGGR	1	2015-08-03 18:42:47.38259	2015-08-03 18:42:47.38259	modelmgr
4	CVB_CHN_AGGR	1	2015-08-03 18:42:47.38259	2015-08-03 18:42:47.38259	modelmgr
5	NZ_CVB_FULL_CHN_SPLIT	1	2015-08-03 18:42:47.38259	2015-08-03 18:42:47.38259	modelmgr
6	CVBP_CVBCVB_DD12296_CVB_F_AD_V	2	2015-08-03 18:42:47.38259	2015-08-03 18:42:47.38259	modelmgr
7	CVBP_CVBCVB_DD12299_UPD_CVB_F_	2	2015-08-03 18:42:47.38259	2015-08-03 18:42:47.38259	modelmgr
8	OAI_12794_D_AD_ZONE	2	2015-08-03 18:42:47.38259	2015-08-03 18:42:47.38259	modelmgr
9	CVB_12750_CVB_F_AD_VIEW_NYI	2	2015-08-03 18:42:47.38259	2015-08-03 18:42:47.38259	modelmgr
10	CVCBP_12210_CVB_CHDV_OI_AGGR_S	2	2015-08-03 18:42:47.38259	2015-08-03 18:42:47.38259	modelmgr
11	CVCBP_12221_CVB_A_HH_NET_SUM_L	2	2015-08-03 18:42:47.38259	2015-08-03 18:42:47.38259	modelmgr
12	CVCBP_12222_CVB_CHDV_NET_SUM_0	2	2015-08-03 18:42:47.38259	2015-08-03 18:42:47.38259	modelmgr
13	CVCBP_12223_CVB_CHDV_NET_SUM_1	2	2015-08-03 18:42:47.38259	2015-08-03 18:42:47.38259	modelmgr
14	CVCBP_12224_CVB_CHDV_NET_SUM_3	2	2015-08-03 18:42:47.38259	2015-08-03 18:42:47.38259	modelmgr
15	CVCBP_12225_CVB_CHDV_NET_SUM_7	2	2015-08-03 18:42:47.38259	2015-08-03 18:42:47.38259	modelmgr
16	CVCBP_12227_CVB_CHDV_NEW_SU_LI	2	2015-08-03 18:42:47.38259	2015-08-03 18:42:47.38259	modelmgr
17	CVCBP_12229_CVB_CHDV_NEWS_SU_0	2	2015-08-03 18:42:47.38259	2015-08-03 18:42:47.38259	modelmgr
18	CVCBP_12230_CVB_CHDV_NEWS_SU_1	2	2015-08-03 18:42:47.38259	2015-08-03 18:42:47.38259	modelmgr
19	CVCBP_12231_CVB_CHDV_NEWS_SU_3	2	2015-08-03 18:42:47.38259	2015-08-03 18:42:47.38259	modelmgr
20	CVCBP_12232_CVB_CHDV_NEWS_SU_7	2	2015-08-03 18:42:47.38259	2015-08-03 18:42:47.38259	modelmgr
21	CVCBP_12234_CVB_CHDV_SER_SUM_L	2	2015-08-03 18:42:47.38259	2015-08-03 18:42:47.38259	modelmgr
22	CVCBP_12235_CVB_CHDV_SER_SUM_0	2	2015-08-03 18:42:47.38259	2015-08-03 18:42:47.38259	modelmgr
23	CVCBP_12236_CVB_CHDV_SER_SUM_1	2	2015-08-03 18:42:47.38259	2015-08-03 18:42:47.38259	modelmgr
24	CVCBP_12237_CVB_CHDV_SER_SUM_3	2	2015-08-03 18:42:47.38259	2015-08-03 18:42:47.38259	modelmgr
25	CVCBP_12238_CVB_CHDV_SER_SUM_7	2	2015-08-03 18:42:47.38259	2015-08-03 18:42:47.38259	modelmgr
26	CVCBP_12239_UPD_CVB_CHDV_OI_AG	2	2015-08-03 18:42:47.38259	2015-08-03 18:42:47.38259	modelmgr
27	CVB_11766_CVB_A_DAY_ACTIVE_UN	2	2015-08-03 18:42:47.38259	2015-08-03 18:42:47.38259	modelmgr
28	CVB_13500_AM_MORNING_STATUS_1	2	2015-08-03 18:42:47.38259	2015-08-03 18:42:47.38259	modelmgr
29	CVB_13500_AM_MORNING_STATUS_2	2	2015-08-03 18:42:47.38259	2015-08-03 18:42:47.38259	modelmgr
30	CVB_11782_A_QTR_HR_VIEWING_UNI	2	2015-08-03 18:42:47.38259	2015-08-03 18:42:47.38259	modelmgr
31	CVB_13501_AM_DATA_QUALITY	2	2015-08-03 18:42:47.38259	2015-08-03 18:42:47.38259	modelmgr
32	CVBP_12428_AGGR_SPLIT_DVR_USG	2	2015-08-03 18:42:47.38259	2015-08-03 18:42:47.38259	modelmgr
33	CVB_11721_CVB_F_SPLIT_DVR_USAG	2	2015-08-03 18:42:47.38259	2015-08-03 18:42:47.38259	modelmgr
\.

COPY task_threshold (id, parent_task_id, task_id, model_parameters_id, w_d, alert_type_id, distribution_list_id, thr_lower, thr_upper, low_chk_bound, up_chk_bound, dtm_created, dtm_last_modified, last_updated_by) FROM stdin;
1	2	8	4	1	2	3	42	560	\N	\N	2015-08-03 18:45:54.414613	2015-08-03 18:45:54.414613	modelmgr
2	2	9	4	1	2	3	98	2025	\N	\N	2015-08-03 18:45:54.414613	2015-08-03 18:45:54.414613	modelmgr
3	1	6	4	1	2	3	111	3445	\N	\N	2015-08-03 18:45:54.414613	2015-08-03 18:45:54.414613	modelmgr
4	4	31	4	1	2	3	137	969	\N	\N	2015-08-03 18:45:54.414613	2015-08-03 18:45:54.414613	modelmgr
5	4	27	4	1	2	3	147	969	\N	\N	2015-08-03 18:45:54.414613	2015-08-03 18:45:54.414613	modelmgr
6	5	32	4	1	2	3	179	1499	\N	\N	2015-08-03 18:45:54.414613	2015-08-03 18:45:54.414613	modelmgr
7	3	20	4	1	2	3	189	1906	\N	\N	2015-08-03 18:45:54.414613	2015-08-03 18:45:54.414613	modelmgr
8	3	15	4	1	2	3	192	1604	\N	\N	2015-08-03 18:45:54.414613	2015-08-03 18:45:54.414613	modelmgr
9	3	11	4	1	2	3	214	1852	\N	\N	2015-08-03 18:45:54.414613	2015-08-03 18:45:54.414613	modelmgr
10	3	16	4	1	2	3	220	1846	\N	\N	2015-08-03 18:45:54.414613	2015-08-03 18:45:54.414613	modelmgr
11	3	14	4	1	2	3	235	1917	\N	\N	2015-08-03 18:45:54.414613	2015-08-03 18:45:54.414613	modelmgr
12	3	18	4	1	2	3	238	1284	\N	\N	2015-08-03 18:45:54.414613	2015-08-03 18:45:54.414613	modelmgr
13	3	17	4	1	2	3	245	1211	\N	\N	2015-08-03 18:45:54.414613	2015-08-03 18:45:54.414613	modelmgr
14	3	13	4	1	2	3	263	1367	\N	\N	2015-08-03 18:45:54.414613	2015-08-03 18:45:54.414613	modelmgr
15	3	12	4	1	2	3	276	1835	\N	\N	2015-08-03 18:45:54.414613	2015-08-03 18:45:54.414613	modelmgr
16	3	24	4	1	2	3	283	1546	\N	\N	2015-08-03 18:45:54.414613	2015-08-03 18:45:54.414613	modelmgr
17	3	19	4	1	2	3	289	1621	\N	\N	2015-08-03 18:45:54.414613	2015-08-03 18:45:54.414613	modelmgr
18	3	25	4	1	2	3	345	3670	\N	\N	2015-08-03 18:45:54.414613	2015-08-03 18:45:54.414613	modelmgr
19	3	10	4	1	2	3	423	3549	\N	\N	2015-08-03 18:45:54.414613	2015-08-03 18:45:54.414613	modelmgr
20	3	23	4	1	2	3	457	2475	\N	\N	2015-08-03 18:45:54.414613	2015-08-03 18:45:54.414613	modelmgr
21	3	22	4	1	2	3	492	2101	\N	\N	2015-08-03 18:45:54.414613	2015-08-03 18:45:54.414613	modelmgr
22	3	21	4	1	2	3	539	2175	\N	\N	2015-08-03 18:45:54.414613	2015-08-03 18:45:54.414613	modelmgr
23	5	33	4	1	2	3	562	2405	\N	\N	2015-08-03 18:45:54.414613	2015-08-03 18:45:54.414613	modelmgr
24	4	30	4	1	2	3	1110	2817	\N	\N	2015-08-03 18:45:54.414613	2015-08-03 18:45:54.414613	modelmgr
25	4	27	3	1	2	3	14452	14477	\N	\N	2015-08-03 18:45:54.414613	2015-08-03 18:45:54.414613	modelmgr
26	5	33	3	1	2	3	15959	16526	\N	\N	2015-08-03 18:45:54.414613	2015-08-03 18:45:54.414613	modelmgr
27	5	32	3	1	2	3	16376	18463	\N	\N	2015-08-03 18:45:54.414613	2015-08-03 18:45:54.414613	modelmgr
28	4	30	3	1	2	3	20960	22673	\N	\N	2015-08-03 18:45:54.414613	2015-08-03 18:45:54.414613	modelmgr
29	4	31	3	1	2	3	21144	23474	\N	\N	2015-08-03 18:45:54.414613	2015-08-03 18:45:54.414613	modelmgr
30	4	28	3	1	2	3	28411	28734	\N	\N	2015-08-03 18:45:54.414613	2015-08-03 18:45:54.414613	modelmgr
31	4	29	3	1	2	3	31395	31723	\N	\N	2015-08-03 18:45:54.414613	2015-08-03 18:45:54.414613	modelmgr
32	1	7	3	1	2	3	66337	84083	\N	\N	2015-08-03 18:45:54.414613	2015-08-03 18:45:54.414613	modelmgr
33	3	12	3	1	2	3	66909	74301	\N	\N	2015-08-03 18:45:54.414613	2015-08-03 18:45:54.414613	modelmgr
34	3	17	3	1	2	3	66945	74250	\N	\N	2015-08-03 18:45:54.414613	2015-08-03 18:45:54.414613	modelmgr
35	3	13	3	1	2	3	67102	75648	\N	\N	2015-08-03 18:45:54.414613	2015-08-03 18:45:54.414613	modelmgr
36	3	18	3	1	2	3	67114	75587	\N	\N	2015-08-03 18:45:54.414613	2015-08-03 18:45:54.414613	modelmgr
37	3	21	3	1	2	3	67117	72689	\N	\N	2015-08-03 18:45:54.414613	2015-08-03 18:45:54.414613	modelmgr
38	3	11	3	1	2	3	67160	72631	\N	\N	2015-08-03 18:45:54.414613	2015-08-03 18:45:54.414613	modelmgr
39	3	16	3	1	2	3	67175	72610	\N	\N	2015-08-03 18:45:54.414613	2015-08-03 18:45:54.414613	modelmgr
40	3	22	3	1	2	3	67438	74943	\N	\N	2015-08-03 18:45:54.414613	2015-08-03 18:45:54.414613	modelmgr
41	3	14	3	1	2	3	67524	76293	\N	\N	2015-08-03 18:45:54.414613	2015-08-03 18:45:54.414613	modelmgr
42	3	19	3	1	2	3	67545	76176	\N	\N	2015-08-03 18:45:54.414613	2015-08-03 18:45:54.414613	modelmgr
43	3	23	3	1	2	3	67705	77094	\N	\N	2015-08-03 18:45:54.414613	2015-08-03 18:45:54.414613	modelmgr
44	3	15	3	1	2	3	67929	77337	\N	\N	2015-08-03 18:45:54.414613	2015-08-03 18:45:54.414613	modelmgr
45	3	10	3	1	2	3	68053	68822	\N	\N	2015-08-03 18:45:54.414613	2015-08-03 18:45:54.414613	modelmgr
46	3	24	3	1	2	3	68092	78635	\N	\N	2015-08-03 18:45:54.414613	2015-08-03 18:45:54.414613	modelmgr
47	3	20	3	1	2	3	68110	77022	\N	\N	2015-08-03 18:45:54.414613	2015-08-03 18:45:54.414613	modelmgr
48	3	25	3	1	2	3	68440	80237	\N	\N	2015-08-03 18:45:54.414613	2015-08-03 18:45:54.414613	modelmgr
49	1	6	3	1	2	3	69130	78164	\N	\N	2015-08-03 18:45:54.414613	2015-08-03 18:45:54.414613	modelmgr
50	3	26	3	1	2	3	69289	83515	\N	\N	2015-08-03 18:45:54.414613	2015-08-03 18:45:54.414613	modelmgr
51	2	9	3	1	2	3	71777	73249	\N	\N	2015-08-03 18:45:54.414613	2015-08-03 18:45:54.414613	modelmgr
52	2	8	3	1	2	3	71957	72708	\N	\N	2015-08-03 18:45:54.414613	2015-08-03 18:45:54.414613	modelmgr
53	2	8	4	2	2	3	50	546	\N	\N	2015-08-03 18:45:54.414613	2015-08-03 18:45:54.414613	modelmgr
54	1	6	4	2	2	3	121	2208	\N	\N	2015-08-03 18:45:54.414613	2015-08-03 18:45:54.414613	modelmgr
55	2	9	4	2	2	3	129	1840	\N	\N	2015-08-03 18:45:54.414613	2015-08-03 18:45:54.414613	modelmgr
56	4	31	4	2	2	3	140	1784	\N	\N	2015-08-03 18:45:54.414613	2015-08-03 18:45:54.414613	modelmgr
57	4	27	4	2	2	3	178	714	\N	\N	2015-08-03 18:45:54.414613	2015-08-03 18:45:54.414613	modelmgr
58	5	32	4	2	2	3	227	1168	\N	\N	2015-08-03 18:45:54.414613	2015-08-03 18:45:54.414613	modelmgr
59	3	15	4	2	2	3	244	1212	\N	\N	2015-08-03 18:45:54.414613	2015-08-03 18:45:54.414613	modelmgr
60	3	17	4	2	2	3	244	1347	\N	\N	2015-08-03 18:45:54.414613	2015-08-03 18:45:54.414613	modelmgr
61	3	12	4	2	2	3	245	1203	\N	\N	2015-08-03 18:45:54.414613	2015-08-03 18:45:54.414613	modelmgr
62	3	20	4	2	2	3	251	1594	\N	\N	2015-08-03 18:45:54.414613	2015-08-03 18:45:54.414613	modelmgr
63	3	18	4	2	2	3	253	1313	\N	\N	2015-08-03 18:45:54.414613	2015-08-03 18:45:54.414613	modelmgr
64	3	13	4	2	2	3	286	1490	\N	\N	2015-08-03 18:45:54.414613	2015-08-03 18:45:54.414613	modelmgr
65	3	19	4	2	2	3	307	1243	\N	\N	2015-08-03 18:45:54.414613	2015-08-03 18:45:54.414613	modelmgr
66	3	14	4	2	2	3	315	1541	\N	\N	2015-08-03 18:45:54.414613	2015-08-03 18:45:54.414613	modelmgr
67	3	16	4	2	2	3	318	1648	\N	\N	2015-08-03 18:45:54.414613	2015-08-03 18:45:54.414613	modelmgr
68	3	25	4	2	2	3	319	2423	\N	\N	2015-08-03 18:45:54.414613	2015-08-03 18:45:54.414613	modelmgr
69	3	11	4	2	2	3	334	1817	\N	\N	2015-08-03 18:45:54.414613	2015-08-03 18:45:54.414613	modelmgr
70	3	24	4	2	2	3	357	1808	\N	\N	2015-08-03 18:45:54.414613	2015-08-03 18:45:54.414613	modelmgr
71	3	23	4	2	2	3	470	1832	\N	\N	2015-08-03 18:45:54.414613	2015-08-03 18:45:54.414613	modelmgr
72	5	33	4	2	2	3	535	2304	\N	\N	2015-08-03 18:45:54.414613	2015-08-03 18:45:54.414613	modelmgr
73	3	21	4	2	2	3	538	2251	\N	\N	2015-08-03 18:45:54.414613	2015-08-03 18:45:54.414613	modelmgr
74	3	10	4	2	2	3	543	2244	\N	\N	2015-08-03 18:45:54.414613	2015-08-03 18:45:54.414613	modelmgr
75	3	22	4	2	2	3	586	2131	\N	\N	2015-08-03 18:45:54.414613	2015-08-03 18:45:54.414613	modelmgr
76	4	30	4	2	2	3	1118	4095	\N	\N	2015-08-03 18:45:54.414613	2015-08-03 18:45:54.414613	modelmgr
77	4	27	3	2	2	3	14041	14829	\N	\N	2015-08-03 18:45:54.414613	2015-08-03 18:45:54.414613	modelmgr
78	5	32	3	2	2	3	15777	19204	\N	\N	2015-08-03 18:45:54.414613	2015-08-03 18:45:54.414613	modelmgr
79	5	33	3	2	2	3	15852	16624	\N	\N	2015-08-03 18:45:54.414613	2015-08-03 18:45:54.414613	modelmgr
80	4	30	3	2	2	3	19890	23706	\N	\N	2015-08-03 18:45:54.414613	2015-08-03 18:45:54.414613	modelmgr
81	4	31	3	2	2	3	20795	23698	\N	\N	2015-08-03 18:45:54.414613	2015-08-03 18:45:54.414613	modelmgr
82	4	28	3	2	2	3	28437	28707	\N	\N	2015-08-03 18:45:54.414613	2015-08-03 18:45:54.414613	modelmgr
83	4	29	3	2	2	3	31378	31747	\N	\N	2015-08-03 18:45:54.414613	2015-08-03 18:45:54.414613	modelmgr
84	3	10	3	2	2	3	68384	68492	\N	\N	2015-08-03 18:45:54.414613	2015-08-03 18:45:54.414613	modelmgr
85	3	21	3	2	2	3	68694	70691	\N	\N	2015-08-03 18:45:54.414613	2015-08-03 18:45:54.414613	modelmgr
86	3	11	3	2	2	3	68699	70687	\N	\N	2015-08-03 18:45:54.414613	2015-08-03 18:45:54.414613	modelmgr
87	3	16	3	2	2	3	68700	70694	\N	\N	2015-08-03 18:45:54.414613	2015-08-03 18:45:54.414613	modelmgr
88	3	17	3	2	2	3	68928	72007	\N	\N	2015-08-03 18:45:54.414613	2015-08-03 18:45:54.414613	modelmgr
89	3	12	3	2	2	3	68981	71985	\N	\N	2015-08-03 18:45:54.414613	2015-08-03 18:45:54.414613	modelmgr
90	3	22	3	2	2	3	69300	72570	\N	\N	2015-08-03 18:45:54.414613	2015-08-03 18:45:54.414613	modelmgr
91	3	13	3	2	2	3	69367	72761	\N	\N	2015-08-03 18:45:54.414613	2015-08-03 18:45:54.414613	modelmgr
92	3	18	3	2	2	3	69405	72676	\N	\N	2015-08-03 18:45:54.414613	2015-08-03 18:45:54.414613	modelmgr
93	3	26	3	2	2	3	69911	80066	\N	\N	2015-08-03 18:45:54.414613	2015-08-03 18:45:54.414613	modelmgr
94	3	19	3	2	2	3	70220	73068	\N	\N	2015-08-03 18:45:54.414613	2015-08-03 18:45:54.414613	modelmgr
95	3	14	3	2	2	3	70231	73100	\N	\N	2015-08-03 18:45:54.414613	2015-08-03 18:45:54.414613	modelmgr
96	3	15	3	2	2	3	70296	74413	\N	\N	2015-08-03 18:45:54.414613	2015-08-03 18:45:54.414613	modelmgr
97	3	20	3	2	2	3	70348	74463	\N	\N	2015-08-03 18:45:54.414613	2015-08-03 18:45:54.414613	modelmgr
98	3	23	3	2	2	3	70688	73516	\N	\N	2015-08-03 18:45:54.414613	2015-08-03 18:45:54.414613	modelmgr
99	3	25	3	2	2	3	71001	77196	\N	\N	2015-08-03 18:45:54.414613	2015-08-03 18:45:54.414613	modelmgr
100	3	24	3	2	2	3	71122	75259	\N	\N	2015-08-03 18:45:54.414613	2015-08-03 18:45:54.414613	modelmgr
101	2	9	3	2	2	3	71504	73565	\N	\N	2015-08-03 18:45:54.414613	2015-08-03 18:45:54.414613	modelmgr
102	1	6	3	2	2	3	71668	74884	\N	\N	2015-08-03 18:45:54.414613	2015-08-03 18:45:54.414613	modelmgr
103	1	7	3	2	2	3	71902	77114	\N	\N	2015-08-03 18:45:54.414613	2015-08-03 18:45:54.414613	modelmgr
104	2	8	3	2	2	3	72053	72627	\N	\N	2015-08-03 18:45:54.414613	2015-08-03 18:45:54.414613	modelmgr
105	4	28	4	3	2	3	32	434	\N	\N	2015-08-03 18:45:54.414613	2015-08-03 18:45:54.414613	modelmgr
106	2	8	4	3	2	3	48	1721	\N	\N	2015-08-03 18:45:54.414613	2015-08-03 18:45:54.414613	modelmgr
107	1	6	4	3	2	3	125	3027	\N	\N	2015-08-03 18:45:54.414613	2015-08-03 18:45:54.414613	modelmgr
108	4	31	4	3	2	3	143	1487	\N	\N	2015-08-03 18:45:54.414613	2015-08-03 18:45:54.414613	modelmgr
109	2	9	4	3	2	3	147	2902	\N	\N	2015-08-03 18:45:54.414613	2015-08-03 18:45:54.414613	modelmgr
110	4	27	4	3	2	3	168	964	\N	\N	2015-08-03 18:45:54.414613	2015-08-03 18:45:54.414613	modelmgr
111	5	32	4	3	2	3	169	1335	\N	\N	2015-08-03 18:45:54.414613	2015-08-03 18:45:54.414613	modelmgr
112	3	17	4	3	2	3	215	1706	\N	\N	2015-08-03 18:45:54.414613	2015-08-03 18:45:54.414613	modelmgr
113	3	16	4	3	2	3	254	2150	\N	\N	2015-08-03 18:45:54.414613	2015-08-03 18:45:54.414613	modelmgr
114	3	12	4	3	2	3	261	1565	\N	\N	2015-08-03 18:45:54.414613	2015-08-03 18:45:54.414613	modelmgr
115	3	11	4	3	2	3	282	1991	\N	\N	2015-08-03 18:45:54.414613	2015-08-03 18:45:54.414613	modelmgr
116	3	15	4	3	2	3	286	3616	\N	\N	2015-08-03 18:45:54.414613	2015-08-03 18:45:54.414613	modelmgr
117	3	14	4	3	2	3	286	2318	\N	\N	2015-08-03 18:45:54.414613	2015-08-03 18:45:54.414613	modelmgr
118	3	19	4	3	2	3	295	2865	\N	\N	2015-08-03 18:45:54.414613	2015-08-03 18:45:54.414613	modelmgr
119	3	20	4	3	2	3	297	3126	\N	\N	2015-08-03 18:45:54.414613	2015-08-03 18:45:54.414613	modelmgr
120	3	18	4	3	2	3	306	1758	\N	\N	2015-08-03 18:45:54.414613	2015-08-03 18:45:54.414613	modelmgr
121	3	13	4	3	2	3	315	1889	\N	\N	2015-08-03 18:45:54.414613	2015-08-03 18:45:54.414613	modelmgr
122	3	24	4	3	2	3	347	3294	\N	\N	2015-08-03 18:45:54.414613	2015-08-03 18:45:54.414613	modelmgr
123	3	25	4	3	2	3	402	1960	\N	\N	2015-08-03 18:45:54.414613	2015-08-03 18:45:54.414613	modelmgr
124	3	10	4	3	2	3	453	3884	\N	\N	2015-08-03 18:45:54.414613	2015-08-03 18:45:54.414613	modelmgr
125	3	22	4	3	2	3	469	2571	\N	\N	2015-08-03 18:45:54.414613	2015-08-03 18:45:54.414613	modelmgr
126	3	21	4	3	2	3	504	2732	\N	\N	2015-08-03 18:45:54.414613	2015-08-03 18:45:54.414613	modelmgr
127	3	23	4	3	2	3	587	4205	\N	\N	2015-08-03 18:45:54.414613	2015-08-03 18:45:54.414613	modelmgr
128	5	33	4	3	2	3	623	2178	\N	\N	2015-08-03 18:45:54.414613	2015-08-03 18:45:54.414613	modelmgr
129	4	30	4	3	2	3	1166	3557	\N	\N	2015-08-03 18:45:54.414613	2015-08-03 18:45:54.414613	modelmgr
130	4	27	3	3	2	3	14269	14629	\N	\N	2015-08-03 18:45:54.414613	2015-08-03 18:45:54.414613	modelmgr
131	5	33	3	3	2	3	15942	16532	\N	\N	2015-08-03 18:45:54.414613	2015-08-03 18:45:54.414613	modelmgr
132	5	32	3	3	2	3	16315	18494	\N	\N	2015-08-03 18:45:54.414613	2015-08-03 18:45:54.414613	modelmgr
133	4	31	3	3	2	3	20152	24536	\N	\N	2015-08-03 18:45:54.414613	2015-08-03 18:45:54.414613	modelmgr
134	4	30	3	3	2	3	21012	22641	\N	\N	2015-08-03 18:45:54.414613	2015-08-03 18:45:54.414613	modelmgr
135	4	28	3	3	2	3	28383	28751	\N	\N	2015-08-03 18:45:54.414613	2015-08-03 18:45:54.414613	modelmgr
136	4	29	3	3	2	3	31346	31771	\N	\N	2015-08-03 18:45:54.414613	2015-08-03 18:45:54.414613	modelmgr
137	1	7	3	3	2	3	49888	104070	\N	\N	2015-08-03 18:45:54.414613	2015-08-03 18:45:54.414613	modelmgr
138	1	6	3	3	2	3	53129	97791	\N	\N	2015-08-03 18:45:54.414613	2015-08-03 18:45:54.414613	modelmgr
139	3	23	3	3	2	3	66742	78543	\N	\N	2015-08-03 18:45:54.414613	2015-08-03 18:45:54.414613	modelmgr
140	3	14	3	3	2	3	66979	77540	\N	\N	2015-08-03 18:45:54.414613	2015-08-03 18:45:54.414613	modelmgr
141	3	24	3	3	2	3	67086	80296	\N	\N	2015-08-03 18:45:54.414613	2015-08-03 18:45:54.414613	modelmgr
142	3	19	3	3	2	3	67104	77564	\N	\N	2015-08-03 18:45:54.414613	2015-08-03 18:45:54.414613	modelmgr
143	3	15	3	3	2	3	67212	78679	\N	\N	2015-08-03 18:45:54.414613	2015-08-03 18:45:54.414613	modelmgr
144	3	26	3	3	2	3	67255	84827	\N	\N	2015-08-03 18:45:54.414613	2015-08-03 18:45:54.414613	modelmgr
145	3	11	3	3	2	3	67369	72308	\N	\N	2015-08-03 18:45:54.414613	2015-08-03 18:45:54.414613	modelmgr
146	3	16	3	3	2	3	67370	72311	\N	\N	2015-08-03 18:45:54.414613	2015-08-03 18:45:54.414613	modelmgr
147	3	21	3	3	2	3	67419	72265	\N	\N	2015-08-03 18:45:54.414613	2015-08-03 18:45:54.414613	modelmgr
148	3	20	3	3	2	3	67464	78365	\N	\N	2015-08-03 18:45:54.414613	2015-08-03 18:45:54.414613	modelmgr
149	3	25	3	3	2	3	67555	81834	\N	\N	2015-08-03 18:45:54.414613	2015-08-03 18:45:54.414613	modelmgr
150	3	17	3	3	2	3	67941	73125	\N	\N	2015-08-03 18:45:54.414613	2015-08-03 18:45:54.414613	modelmgr
151	3	12	3	3	2	3	68009	73096	\N	\N	2015-08-03 18:45:54.414613	2015-08-03 18:45:54.414613	modelmgr
152	3	22	3	3	2	3	68098	73788	\N	\N	2015-08-03 18:45:54.414613	2015-08-03 18:45:54.414613	modelmgr
153	2	9	3	3	2	3	68165	78156	\N	\N	2015-08-03 18:45:54.414613	2015-08-03 18:45:54.414613	modelmgr
154	3	10	3	3	2	3	68325	68579	\N	\N	2015-08-03 18:45:54.414613	2015-08-03 18:45:54.414613	modelmgr
155	3	18	3	3	2	3	68375	73798	\N	\N	2015-08-03 18:45:54.414613	2015-08-03 18:45:54.414613	modelmgr
156	3	13	3	3	2	3	68498	73778	\N	\N	2015-08-03 18:45:54.414613	2015-08-03 18:45:54.414613	modelmgr
157	2	8	3	3	2	3	71935	72731	\N	\N	2015-08-03 18:45:54.414613	2015-08-03 18:45:54.414613	modelmgr
158	2	8	4	4	2	3	59	1074	\N	\N	2015-08-03 18:45:54.414613	2015-08-03 18:45:54.414613	modelmgr
159	4	27	4	4	2	3	99	1414	\N	\N	2015-08-03 18:45:54.414613	2015-08-03 18:45:54.414613	modelmgr
160	1	6	4	4	2	3	111	2719	\N	\N	2015-08-03 18:45:54.414613	2015-08-03 18:45:54.414613	modelmgr
161	2	9	4	4	2	3	121	2345	\N	\N	2015-08-03 18:45:54.414613	2015-08-03 18:45:54.414613	modelmgr
162	4	31	4	4	2	3	160	1464	\N	\N	2015-08-03 18:45:54.414613	2015-08-03 18:45:54.414613	modelmgr
163	5	32	4	4	2	3	169	1715	\N	\N	2015-08-03 18:45:54.414613	2015-08-03 18:45:54.414613	modelmgr
164	3	15	4	4	2	3	199	1450	\N	\N	2015-08-03 18:45:54.414613	2015-08-03 18:45:54.414613	modelmgr
165	3	20	4	4	2	3	201	1508	\N	\N	2015-08-03 18:45:54.414613	2015-08-03 18:45:54.414613	modelmgr
166	3	24	4	4	2	3	224	2018	\N	\N	2015-08-03 18:45:54.414613	2015-08-03 18:45:54.414613	modelmgr
167	3	18	4	4	2	3	236	1381	\N	\N	2015-08-03 18:45:54.414613	2015-08-03 18:45:54.414613	modelmgr
168	3	17	4	4	2	3	246	2300	\N	\N	2015-08-03 18:45:54.414613	2015-08-03 18:45:54.414613	modelmgr
169	3	16	4	4	2	3	249	2981	\N	\N	2015-08-03 18:45:54.414613	2015-08-03 18:45:54.414613	modelmgr
170	3	12	4	4	2	3	278	2134	\N	\N	2015-08-03 18:45:54.414613	2015-08-03 18:45:54.414613	modelmgr
171	3	19	4	4	2	3	289	1541	\N	\N	2015-08-03 18:45:54.414613	2015-08-03 18:45:54.414613	modelmgr
172	3	14	4	4	2	3	299	1509	\N	\N	2015-08-03 18:45:54.414613	2015-08-03 18:45:54.414613	modelmgr
173	3	11	4	4	2	3	303	1870	\N	\N	2015-08-03 18:45:54.414613	2015-08-03 18:45:54.414613	modelmgr
174	3	25	4	4	2	3	310	2607	\N	\N	2015-08-03 18:45:54.414613	2015-08-03 18:45:54.414613	modelmgr
175	3	13	4	4	2	3	322	1446	\N	\N	2015-08-03 18:45:54.414613	2015-08-03 18:45:54.414613	modelmgr
176	5	33	4	4	2	3	362	1982	\N	\N	2015-08-03 18:45:54.414613	2015-08-03 18:45:54.414613	modelmgr
177	3	10	4	4	2	3	518	3663	\N	\N	2015-08-03 18:45:54.414613	2015-08-03 18:45:54.414613	modelmgr
178	3	23	4	4	2	3	528	1970	\N	\N	2015-08-03 18:45:54.414613	2015-08-03 18:45:54.414613	modelmgr
179	3	21	4	4	2	3	551	3480	\N	\N	2015-08-03 18:45:54.414613	2015-08-03 18:45:54.414613	modelmgr
180	3	22	4	4	2	3	599	2066	\N	\N	2015-08-03 18:45:54.414613	2015-08-03 18:45:54.414613	modelmgr
181	4	30	4	4	2	3	1117	5225	\N	\N	2015-08-03 18:45:54.414613	2015-08-03 18:45:54.414613	modelmgr
182	4	27	3	4	2	3	14252	14627	\N	\N	2015-08-03 18:45:54.414613	2015-08-03 18:45:54.414613	modelmgr
183	5	33	3	4	2	3	16097	16401	\N	\N	2015-08-03 18:45:54.414613	2015-08-03 18:45:54.414613	modelmgr
184	5	32	3	4	2	3	16407	18528	\N	\N	2015-08-03 18:45:54.414613	2015-08-03 18:45:54.414613	modelmgr
185	4	30	3	4	2	3	20237	23292	\N	\N	2015-08-03 18:45:54.414613	2015-08-03 18:45:54.414613	modelmgr
186	4	31	3	4	2	3	21019	23401	\N	\N	2015-08-03 18:45:54.414613	2015-08-03 18:45:54.414613	modelmgr
187	4	28	3	4	2	3	28398	28730	\N	\N	2015-08-03 18:45:54.414613	2015-08-03 18:45:54.414613	modelmgr
188	4	29	3	4	2	3	31370	31750	\N	\N	2015-08-03 18:45:54.414613	2015-08-03 18:45:54.414613	modelmgr
189	3	26	3	4	2	3	65976	86302	\N	\N	2015-08-03 18:45:54.414613	2015-08-03 18:45:54.414613	modelmgr
190	1	7	3	4	2	3	67492	83537	\N	\N	2015-08-03 18:45:54.414613	2015-08-03 18:45:54.414613	modelmgr
191	3	11	3	4	2	3	67891	71978	\N	\N	2015-08-03 18:45:54.414613	2015-08-03 18:45:54.414613	modelmgr
192	3	21	3	4	2	3	67899	71967	\N	\N	2015-08-03 18:45:54.414613	2015-08-03 18:45:54.414613	modelmgr
193	3	16	3	4	2	3	67912	71935	\N	\N	2015-08-03 18:45:54.414613	2015-08-03 18:45:54.414613	modelmgr
194	3	25	3	4	2	3	67919	81773	\N	\N	2015-08-03 18:45:54.414613	2015-08-03 18:45:54.414613	modelmgr
195	3	18	3	4	2	3	67952	75665	\N	\N	2015-08-03 18:45:54.414613	2015-08-03 18:45:54.414613	modelmgr
196	3	19	3	4	2	3	67955	77060	\N	\N	2015-08-03 18:45:54.414613	2015-08-03 18:45:54.414613	modelmgr
197	3	24	3	4	2	3	67971	79667	\N	\N	2015-08-03 18:45:54.414613	2015-08-03 18:45:54.414613	modelmgr
198	3	13	3	4	2	3	68041	75249	\N	\N	2015-08-03 18:45:54.414613	2015-08-03 18:45:54.414613	modelmgr
199	3	10	3	4	2	3	68254	68616	\N	\N	2015-08-03 18:45:54.414613	2015-08-03 18:45:54.414613	modelmgr
200	3	22	3	4	2	3	68295	74597	\N	\N	2015-08-03 18:45:54.414613	2015-08-03 18:45:54.414613	modelmgr
201	3	14	3	4	2	3	68358	76383	\N	\N	2015-08-03 18:45:54.414613	2015-08-03 18:45:54.414613	modelmgr
202	3	17	3	4	2	3	68430	73096	\N	\N	2015-08-03 18:45:54.414613	2015-08-03 18:45:54.414613	modelmgr
203	3	20	3	4	2	3	68433	77906	\N	\N	2015-08-03 18:45:54.414613	2015-08-03 18:45:54.414613	modelmgr
204	3	12	3	4	2	3	68542	72911	\N	\N	2015-08-03 18:45:54.414613	2015-08-03 18:45:54.414613	modelmgr
205	3	23	3	4	2	3	68662	76862	\N	\N	2015-08-03 18:45:54.414613	2015-08-03 18:45:54.414613	modelmgr
206	1	6	3	4	2	3	68760	79201	\N	\N	2015-08-03 18:45:54.414613	2015-08-03 18:45:54.414613	modelmgr
207	3	15	3	4	2	3	68765	77292	\N	\N	2015-08-03 18:45:54.414613	2015-08-03 18:45:54.414613	modelmgr
208	2	9	3	4	2	3	70931	74261	\N	\N	2015-08-03 18:45:54.414613	2015-08-03 18:45:54.414613	modelmgr
209	2	8	3	4	2	3	71924	72741	\N	\N	2015-08-03 18:45:54.414613	2015-08-03 18:45:54.414613	modelmgr
210	2	8	4	5	2	3	46	695	\N	\N	2015-08-03 18:45:54.414613	2015-08-03 18:45:54.414613	modelmgr
211	1	6	4	5	2	3	114	2800	\N	\N	2015-08-03 18:45:54.414613	2015-08-03 18:45:54.414613	modelmgr
212	2	9	4	5	2	3	123	1841	\N	\N	2015-08-03 18:45:54.414613	2015-08-03 18:45:54.414613	modelmgr
213	4	27	4	5	2	3	125	785	\N	\N	2015-08-03 18:45:54.414613	2015-08-03 18:45:54.414613	modelmgr
214	4	31	4	5	2	3	127	1630	\N	\N	2015-08-03 18:45:54.414613	2015-08-03 18:45:54.414613	modelmgr
215	3	12	4	5	2	3	223	1679	\N	\N	2015-08-03 18:45:54.414613	2015-08-03 18:45:54.414613	modelmgr
216	3	20	4	5	2	3	223	1899	\N	\N	2015-08-03 18:45:54.414613	2015-08-03 18:45:54.414613	modelmgr
217	3	17	4	5	2	3	224	1988	\N	\N	2015-08-03 18:45:54.414613	2015-08-03 18:45:54.414613	modelmgr
218	3	19	4	5	2	3	241	1653	\N	\N	2015-08-03 18:45:54.414613	2015-08-03 18:45:54.414613	modelmgr
219	3	18	4	5	2	3	241	1923	\N	\N	2015-08-03 18:45:54.414613	2015-08-03 18:45:54.414613	modelmgr
220	3	15	4	5	2	3	244	1675	\N	\N	2015-08-03 18:45:54.414613	2015-08-03 18:45:54.414613	modelmgr
221	5	32	4	5	2	3	252	1348	\N	\N	2015-08-03 18:45:54.414613	2015-08-03 18:45:54.414613	modelmgr
222	3	10	4	5	2	3	259	2454	\N	\N	2015-08-03 18:45:54.414613	2015-08-03 18:45:54.414613	modelmgr
223	3	13	4	5	2	3	259	1540	\N	\N	2015-08-03 18:45:54.414613	2015-08-03 18:45:54.414613	modelmgr
224	3	24	4	5	2	3	269	2434	\N	\N	2015-08-03 18:45:54.414613	2015-08-03 18:45:54.414613	modelmgr
225	3	14	4	5	2	3	270	1871	\N	\N	2015-08-03 18:45:54.414613	2015-08-03 18:45:54.414613	modelmgr
226	3	11	4	5	2	3	299	1521	\N	\N	2015-08-03 18:45:54.414613	2015-08-03 18:45:54.414613	modelmgr
227	3	25	4	5	2	3	307	1726	\N	\N	2015-08-03 18:45:54.414613	2015-08-03 18:45:54.414613	modelmgr
228	3	16	4	5	2	3	320	1572	\N	\N	2015-08-03 18:45:54.414613	2015-08-03 18:45:54.414613	modelmgr
229	3	23	4	5	2	3	449	1969	\N	\N	2015-08-03 18:45:54.414613	2015-08-03 18:45:54.414613	modelmgr
230	3	22	4	5	2	3	478	3037	\N	\N	2015-08-03 18:45:54.414613	2015-08-03 18:45:54.414613	modelmgr
231	3	21	4	5	2	3	490	2151	\N	\N	2015-08-03 18:45:54.414613	2015-08-03 18:45:54.414613	modelmgr
232	5	33	4	5	2	3	643	2211	\N	\N	2015-08-03 18:45:54.414613	2015-08-03 18:45:54.414613	modelmgr
233	4	30	4	5	2	3	1090	4348	\N	\N	2015-08-03 18:45:54.414613	2015-08-03 18:45:54.414613	modelmgr
234	4	27	3	5	2	3	14260	14611	\N	\N	2015-08-03 18:45:54.414613	2015-08-03 18:45:54.414613	modelmgr
235	5	33	3	5	2	3	15777	16703	\N	\N	2015-08-03 18:45:54.414613	2015-08-03 18:45:54.414613	modelmgr
236	5	32	3	5	2	3	16133	18972	\N	\N	2015-08-03 18:45:54.414613	2015-08-03 18:45:54.414613	modelmgr
237	4	30	3	5	2	3	16711	28000	\N	\N	2015-08-03 18:45:54.414613	2015-08-03 18:45:54.414613	modelmgr
238	4	31	3	5	2	3	17302	28425	\N	\N	2015-08-03 18:45:54.414613	2015-08-03 18:45:54.414613	modelmgr
239	4	28	3	5	2	3	28383	28747	\N	\N	2015-08-03 18:45:54.414613	2015-08-03 18:45:54.414613	modelmgr
240	4	29	3	5	2	3	31361	31802	\N	\N	2015-08-03 18:45:54.414613	2015-08-03 18:45:54.414613	modelmgr
241	1	7	3	5	2	3	64186	87040	\N	\N	2015-08-03 18:45:54.414613	2015-08-03 18:45:54.414613	modelmgr
242	1	6	3	5	2	3	65737	82772	\N	\N	2015-08-03 18:45:54.414613	2015-08-03 18:45:54.414613	modelmgr
243	2	8	3	5	2	3	66364	79217	\N	\N	2015-08-03 18:45:54.414613	2015-08-03 18:45:54.414613	modelmgr
244	3	23	3	5	2	3	67133	77211	\N	\N	2015-08-03 18:45:54.414613	2015-08-03 18:45:54.414613	modelmgr
245	3	25	3	5	2	3	67179	80788	\N	\N	2015-08-03 18:45:54.414613	2015-08-03 18:45:54.414613	modelmgr
246	3	24	3	5	2	3	67427	78925	\N	\N	2015-08-03 18:45:54.414613	2015-08-03 18:45:54.414613	modelmgr
247	3	26	3	5	2	3	67447	82140	\N	\N	2015-08-03 18:45:54.414613	2015-08-03 18:45:54.414613	modelmgr
248	3	20	3	5	2	3	67768	76835	\N	\N	2015-08-03 18:45:54.414613	2015-08-03 18:45:54.414613	modelmgr
249	2	9	3	5	2	3	67770	78234	\N	\N	2015-08-03 18:45:54.414613	2015-08-03 18:45:54.414613	modelmgr
250	3	19	3	5	2	3	67932	75432	\N	\N	2015-08-03 18:45:54.414613	2015-08-03 18:45:54.414613	modelmgr
251	3	21	3	5	2	3	67945	71723	\N	\N	2015-08-03 18:45:54.414613	2015-08-03 18:45:54.414613	modelmgr
252	3	11	3	5	2	3	67958	71715	\N	\N	2015-08-03 18:45:54.414613	2015-08-03 18:45:54.414613	modelmgr
253	3	22	3	5	2	3	67959	73983	\N	\N	2015-08-03 18:45:54.414613	2015-08-03 18:45:54.414613	modelmgr
254	3	16	3	5	2	3	67978	71701	\N	\N	2015-08-03 18:45:54.414613	2015-08-03 18:45:54.414613	modelmgr
255	3	10	3	5	2	3	68117	68773	\N	\N	2015-08-03 18:45:54.414613	2015-08-03 18:45:54.414613	modelmgr
256	3	18	3	5	2	3	68403	73564	\N	\N	2015-08-03 18:45:54.414613	2015-08-03 18:45:54.414613	modelmgr
257	3	17	3	5	2	3	68527	72415	\N	\N	2015-08-03 18:45:54.414613	2015-08-03 18:45:54.414613	modelmgr
258	3	12	3	5	2	3	68716	72326	\N	\N	2015-08-03 18:45:54.414613	2015-08-03 18:45:54.414613	modelmgr
259	3	14	3	5	2	3	68719	74737	\N	\N	2015-08-03 18:45:54.414613	2015-08-03 18:45:54.414613	modelmgr
260	3	15	3	5	2	3	68748	76134	\N	\N	2015-08-03 18:45:54.414613	2015-08-03 18:45:54.414613	modelmgr
261	3	13	3	5	2	3	69026	73156	\N	\N	2015-08-03 18:45:54.414613	2015-08-03 18:45:54.414613	modelmgr
\.


COPY task_type (id, task_type_name, dtm_created, dtm_last_modified, last_updated_by) FROM stdin;
1	appworx_chain	2015-07-29 19:13:59.39973	2015-07-29 19:13:59.39973	pgadmin
2	appworx_job	2015-07-29 19:13:59.39973	2015-07-29 19:13:59.39973	pgadmin
\.
